"Timestamp","EventID","EventType","Description","RemediationSuggestion","LiveResearchUrl"
"2026-07-05 10:59:27","41","KERNEL-POWER CRITICAL REBOOT","The system has rebooted without cleanly shutting down first. This error could be caused if the system stopped responding, crashed, or lost power unexp...","SUGGESTION: Kernel rebooted without clean shutdown. If paired with Event 6008, inspect power hardware. If spontaneous, check motherboard capacitors & RAM.","https://www.google.com/search?q=Windows+Server+Event+ID+41+solution"
"2026-07-05 10:59:33","6008","UNEXPECTED POWER LOSS / HARD CRASH","The previous system shutdown at 10:35:49 AM on ‎7/‎5/‎2026 was unexpected.","SUGGESTION: Server lost power abruptly. Inspect UPS battery backup runtime, dual redundant power cords, and check for server overheating/thermal shutoff.","https://www.google.com/search?q=Windows+Server+Event+ID+6008+solution"
"2026-07-05 08:35:40","41","KERNEL-POWER CRITICAL REBOOT","The system has rebooted without cleanly shutting down first. This error could be caused if the system stopped responding, crashed, or lost power unexp...","SUGGESTION: Kernel rebooted without clean shutdown. If paired with Event 6008, inspect power hardware. If spontaneous, check motherboard capacitors & RAM.","https://www.google.com/search?q=Windows+Server+Event+ID+41+solution"
"2026-07-05 08:35:49","6008","UNEXPECTED POWER LOSS / HARD CRASH","The previous system shutdown at 11:11:08 PM on ‎7/‎4/‎2026 was unexpected.","SUGGESTION: Server lost power abruptly. Inspect UPS battery backup runtime, dual redundant power cords, and check for server overheating/thermal shutoff.","https://www.google.com/search?q=Windows+Server+Event+ID+6008+solution"
"2026-07-04 23:24:12","1074","Clean Shutdown / Restart","The process C:\WINDOWS\SystemApps\Microsoft.Windows.StartMenuExperienceHost_cw5n1h2txyewy\StartMenuExperienceHost.exe (VERONICA) has initiated the pow...","Normal planned maintenance. Check message details to see user/process initiator.","https://www.google.com/search?q=Windows+Server+Event+ID+1074+solution"
"2026-07-04 18:31:00","41","KERNEL-POWER CRITICAL REBOOT","The system has rebooted without cleanly shutting down first. This error could be caused if the system stopped responding, crashed, or lost power unexp...","SUGGESTION: Kernel rebooted without clean shutdown. If paired with Event 6008, inspect power hardware. If spontaneous, check motherboard capacitors & RAM.","https://www.google.com/search?q=Windows+Server+Event+ID+41+solution"
"2026-07-04 18:31:07","6008","UNEXPECTED POWER LOSS / HARD CRASH","The previous system shutdown at 8:28:10 AM on ‎7/‎4/‎2026 was unexpected.","SUGGESTION: Server lost power abruptly. Inspect UPS battery backup runtime, dual redundant power cords, and check for server overheating/thermal shutoff.","https://www.google.com/search?q=Windows+Server+Event+ID+6008+solution"
"2026-07-04 07:48:01","41","KERNEL-POWER CRITICAL REBOOT","The system has rebooted without cleanly shutting down first. This error could be caused if the system stopped responding, crashed, or lost power unexp...","SUGGESTION: Kernel rebooted without clean shutdown. If paired with Event 6008, inspect power hardware. If spontaneous, check motherboard capacitors & RAM.","https://www.google.com/search?q=Windows+Server+Event+ID+41+solution"
"2026-07-04 07:48:10","6008","UNEXPECTED POWER LOSS / HARD CRASH","The previous system shutdown at 8:54:08 PM on ‎7/‎3/‎2026 was unexpected.","SUGGESTION: Server lost power abruptly. Inspect UPS battery backup runtime, dual redundant power cords, and check for server overheating/thermal shutoff.","https://www.google.com/search?q=Windows+Server+Event+ID+6008+solution"
"2026-07-03 09:12:39","1074","Clean Shutdown / Restart","The process C:\WINDOWS\SystemApps\Microsoft.Windows.StartMenuExperienceHost_cw5n1h2txyewy\StartMenuExperienceHost.exe (VERONICA) has initiated the pow...","Normal planned maintenance. Check message details to see user/process initiator.","https://www.google.com/search?q=Windows+Server+Event+ID+1074+solution"
"2026-07-03 09:11:23","41","KERNEL-POWER CRITICAL REBOOT","The system has rebooted without cleanly shutting down first. This error could be caused if the system stopped responding, crashed, or lost power unexp...","SUGGESTION: Kernel rebooted without clean shutdown. If paired with Event 6008, inspect power hardware. If spontaneous, check motherboard capacitors & RAM.","https://www.google.com/search?q=Windows+Server+Event+ID+41+solution"
"2026-07-03 09:11:33","6008","UNEXPECTED POWER LOSS / HARD CRASH","The previous system shutdown at 10:31:30 PM on ‎7/‎2/‎2026 was unexpected.","SUGGESTION: Server lost power abruptly. Inspect UPS battery backup runtime, dual redundant power cords, and check for server overheating/thermal shutoff.","https://www.google.com/search?q=Windows+Server+Event+ID+6008+solution"
"2026-07-02 23:06:58","1074","Clean Shutdown / Restart","The process C:\WINDOWS\SystemApps\Microsoft.Windows.StartMenuExperienceHost_cw5n1h2txyewy\StartMenuExperienceHost.exe (VERONICA) has initiated the pow...","Normal planned maintenance. Check message details to see user/process initiator.","https://www.google.com/search?q=Windows+Server+Event+ID+1074+solution"
"2026-07-02 19:51:23","41","KERNEL-POWER CRITICAL REBOOT","The system has rebooted without cleanly shutting down first. This error could be caused if the system stopped responding, crashed, or lost power unexp...","SUGGESTION: Kernel rebooted without clean shutdown. If paired with Event 6008, inspect power hardware. If spontaneous, check motherboard capacitors & RAM.","https://www.google.com/search?q=Windows+Server+Event+ID+41+solution"
"2026-07-02 19:51:30","6008","UNEXPECTED POWER LOSS / HARD CRASH","The previous system shutdown at 7:32:45 PM on ‎7/‎1/‎2026 was unexpected.","SUGGESTION: Server lost power abruptly. Inspect UPS battery backup runtime, dual redundant power cords, and check for server overheating/thermal shutoff.","https://www.google.com/search?q=Windows+Server+Event+ID+6008+solution"
"2026-06-30 08:40:48","1074","Clean Shutdown / Restart","The process C:\WINDOWS\SystemApps\Microsoft.Windows.StartMenuExperienceHost_cw5n1h2txyewy\StartMenuExperienceHost.exe (VERONICA) has initiated the pow...","Normal planned maintenance. Check message details to see user/process initiator.","https://www.google.com/search?q=Windows+Server+Event+ID+1074+solution"
"2026-06-30 08:17:47","41","KERNEL-POWER CRITICAL REBOOT","The system has rebooted without cleanly shutting down first. This error could be caused if the system stopped responding, crashed, or lost power unexp...","SUGGESTION: Kernel rebooted without clean shutdown. If paired with Event 6008, inspect power hardware. If spontaneous, check motherboard capacitors & RAM.","https://www.google.com/search?q=Windows+Server+Event+ID+41+solution"
"2026-06-30 08:17:58","6008","UNEXPECTED POWER LOSS / HARD CRASH","The previous system shutdown at 10:48:51 PM on ‎6/‎28/‎2026 was unexpected.","SUGGESTION: Server lost power abruptly. Inspect UPS battery backup runtime, dual redundant power cords, and check for server overheating/thermal shutoff.","https://www.google.com/search?q=Windows+Server+Event+ID+6008+solution"
"2026-06-28 18:48:43","41","KERNEL-POWER CRITICAL REBOOT","The system has rebooted without cleanly shutting down first. This error could be caused if the system stopped responding, crashed, or lost power unexp...","SUGGESTION: Kernel rebooted without clean shutdown. If paired with Event 6008, inspect power hardware. If spontaneous, check motherboard capacitors & RAM.","https://www.google.com/search?q=Windows+Server+Event+ID+41+solution"
"2026-06-28 18:48:51","6008","UNEXPECTED POWER LOSS / HARD CRASH","The previous system shutdown at 3:27:15 PM on ‎6/‎28/‎2026 was unexpected.","SUGGESTION: Server lost power abruptly. Inspect UPS battery backup runtime, dual redundant power cords, and check for server overheating/thermal shutoff.","https://www.google.com/search?q=Windows+Server+Event+ID+6008+solution"
"2026-06-28 14:47:07","41","KERNEL-POWER CRITICAL REBOOT","The system has rebooted without cleanly shutting down first. This error could be caused if the system stopped responding, crashed, or lost power unexp...","SUGGESTION: Kernel rebooted without clean shutdown. If paired with Event 6008, inspect power hardware. If spontaneous, check motherboard capacitors & RAM.","https://www.google.com/search?q=Windows+Server+Event+ID+41+solution"
"2026-06-28 14:47:15","6008","UNEXPECTED POWER LOSS / HARD CRASH","The previous system shutdown at 12:01:02 PM on ‎6/‎28/‎2026 was unexpected.","SUGGESTION: Server lost power abruptly. Inspect UPS battery backup runtime, dual redundant power cords, and check for server overheating/thermal shutoff.","https://www.google.com/search?q=Windows+Server+Event+ID+6008+solution"
"2026-06-27 17:49:06","1074","Clean Shutdown / Restart","The process C:\WINDOWS\SystemApps\Microsoft.Windows.StartMenuExperienceHost_cw5n1h2txyewy\StartMenuExperienceHost.exe (VERONICA) has initiated the pow...","Normal planned maintenance. Check message details to see user/process initiator.","https://www.google.com/search?q=Windows+Server+Event+ID+1074+solution"
"2026-06-27 14:27:55","41","KERNEL-POWER CRITICAL REBOOT","The system has rebooted without cleanly shutting down first. This error could be caused if the system stopped responding, crashed, or lost power unexp...","SUGGESTION: Kernel rebooted without clean shutdown. If paired with Event 6008, inspect power hardware. If spontaneous, check motherboard capacitors & RAM.","https://www.google.com/search?q=Windows+Server+Event+ID+41+solution"
"2026-06-27 14:28:04","6008","UNEXPECTED POWER LOSS / HARD CRASH","The previous system shutdown at 9:15:29 PM on ‎6/‎25/‎2026 was unexpected.","SUGGESTION: Server lost power abruptly. Inspect UPS battery backup runtime, dual redundant power cords, and check for server overheating/thermal shutoff.","https://www.google.com/search?q=Windows+Server+Event+ID+6008+solution"
"2026-06-25 21:39:09","1074","Clean Shutdown / Restart","The process C:\WINDOWS\SystemApps\Microsoft.Windows.StartMenuExperienceHost_cw5n1h2txyewy\StartMenuExperienceHost.exe (VERONICA) has initiated the pow...","Normal planned maintenance. Check message details to see user/process initiator.","https://www.google.com/search?q=Windows+Server+Event+ID+1074+solution"
"2026-06-25 19:55:18","41","KERNEL-POWER CRITICAL REBOOT","The system has rebooted without cleanly shutting down first. This error could be caused if the system stopped responding, crashed, or lost power unexp...","SUGGESTION: Kernel rebooted without clean shutdown. If paired with Event 6008, inspect power hardware. If spontaneous, check motherboard capacitors & RAM.","https://www.google.com/search?q=Windows+Server+Event+ID+41+solution"
"2026-06-25 19:55:29","6008","UNEXPECTED POWER LOSS / HARD CRASH","The previous system shutdown at 8:39:27 PM on ‎6/‎24/‎2026 was unexpected.","SUGGESTION: Server lost power abruptly. Inspect UPS battery backup runtime, dual redundant power cords, and check for server overheating/thermal shutoff.","https://www.google.com/search?q=Windows+Server+Event+ID+6008+solution"
"2026-06-22 23:20:40","1074","Clean Shutdown / Restart","The process C:\WINDOWS\SystemApps\Microsoft.Windows.StartMenuExperienceHost_cw5n1h2txyewy\StartMenuExperienceHost.exe (VERONICA) has initiated the pow...","Normal planned maintenance. Check message details to see user/process initiator.","https://www.google.com/search?q=Windows+Server+Event+ID+1074+solution"
"2026-06-21 14:56:52","1074","Clean Shutdown / Restart","The process C:\WINDOWS\system32\winlogon.exe (VERONICA) has initiated the power off of computer VERONICA on behalf of user Veronica\hero for the follo...","Normal planned maintenance. Check message details to see user/process initiator.","https://www.google.com/search?q=Windows+Server+Event+ID+1074+solution"
"2026-06-21 14:56:21","41","KERNEL-POWER CRITICAL REBOOT","The system has rebooted without cleanly shutting down first. This error could be caused if the system stopped responding, crashed, or lost power unexp...","SUGGESTION: Kernel rebooted without clean shutdown. If paired with Event 6008, inspect power hardware. If spontaneous, check motherboard capacitors & RAM.","https://www.google.com/search?q=Windows+Server+Event+ID+41+solution"
"2026-06-21 14:56:30","6008","UNEXPECTED POWER LOSS / HARD CRASH","The previous system shutdown at 10:55:17 AM on ‎6/‎21/‎2026 was unexpected.","SUGGESTION: Server lost power abruptly. Inspect UPS battery backup runtime, dual redundant power cords, and check for server overheating/thermal shutoff.","https://www.google.com/search?q=Windows+Server+Event+ID+6008+solution"
"2026-06-21 08:15:09","41","KERNEL-POWER CRITICAL REBOOT","The system has rebooted without cleanly shutting down first. This error could be caused if the system stopped responding, crashed, or lost power unexp...","SUGGESTION: Kernel rebooted without clean shutdown. If paired with Event 6008, inspect power hardware. If spontaneous, check motherboard capacitors & RAM.","https://www.google.com/search?q=Windows+Server+Event+ID+41+solution"
"2026-06-21 08:15:17","6008","UNEXPECTED POWER LOSS / HARD CRASH","The previous system shutdown at 11:13:13 PM on ‎6/‎20/‎2026 was unexpected.","SUGGESTION: Server lost power abruptly. Inspect UPS battery backup runtime, dual redundant power cords, and check for server overheating/thermal shutoff.","https://www.google.com/search?q=Windows+Server+Event+ID+6008+solution"
"2026-06-20 19:13:04","41","KERNEL-POWER CRITICAL REBOOT","The system has rebooted without cleanly shutting down first. This error could be caused if the system stopped responding, crashed, or lost power unexp...","SUGGESTION: Kernel rebooted without clean shutdown. If paired with Event 6008, inspect power hardware. If spontaneous, check motherboard capacitors & RAM.","https://www.google.com/search?q=Windows+Server+Event+ID+41+solution"
"2026-06-20 19:13:13","6008","UNEXPECTED POWER LOSS / HARD CRASH","The previous system shutdown at 10:30:54 PM on ‎6/‎19/‎2026 was unexpected.","SUGGESTION: Server lost power abruptly. Inspect UPS battery backup runtime, dual redundant power cords, and check for server overheating/thermal shutoff.","https://www.google.com/search?q=Windows+Server+Event+ID+6008+solution"
"2026-06-19 18:30:47","41","KERNEL-POWER CRITICAL REBOOT","The system has rebooted without cleanly shutting down first. This error could be caused if the system stopped responding, crashed, or lost power unexp...","SUGGESTION: Kernel rebooted without clean shutdown. If paired with Event 6008, inspect power hardware. If spontaneous, check motherboard capacitors & RAM.","https://www.google.com/search?q=Windows+Server+Event+ID+41+solution"
"2026-06-19 18:30:54","6008","UNEXPECTED POWER LOSS / HARD CRASH","The previous system shutdown at 10:43:20 PM on ‎6/‎18/‎2026 was unexpected.","SUGGESTION: Server lost power abruptly. Inspect UPS battery backup runtime, dual redundant power cords, and check for server overheating/thermal shutoff.","https://www.google.com/search?q=Windows+Server+Event+ID+6008+solution"
"2026-06-18 18:43:11","41","KERNEL-POWER CRITICAL REBOOT","The system has rebooted without cleanly shutting down first. This error could be caused if the system stopped responding, crashed, or lost power unexp...","SUGGESTION: Kernel rebooted without clean shutdown. If paired with Event 6008, inspect power hardware. If spontaneous, check motherboard capacitors & RAM.","https://www.google.com/search?q=Windows+Server+Event+ID+41+solution"
"2026-06-18 18:43:20","6008","UNEXPECTED POWER LOSS / HARD CRASH","The previous system shutdown at 11:21:51 PM on ‎6/‎17/‎2026 was unexpected.","SUGGESTION: Server lost power abruptly. Inspect UPS battery backup runtime, dual redundant power cords, and check for server overheating/thermal shutoff.","https://www.google.com/search?q=Windows+Server+Event+ID+6008+solution"
"2026-06-17 19:21:14","1074","Clean Shutdown / Restart","The process C:\WINDOWS\servicing\TrustedInstaller.exe (VERONICA) has initiated the restart of computer VERONICA on behalf of user NT AUTHORITY\SYSTEM ...","Normal planned maintenance. Check message details to see user/process initiator.","https://www.google.com/search?q=Windows+Server+Event+ID+1074+solution"
"2026-06-17 19:17:47","1074","Clean Shutdown / Restart","The process OptionalFeatures.exe has initiated the restart of computer VERONICA on behalf of user Veronica\hero for the following reason: No title for...","Normal planned maintenance. Check message details to see user/process initiator.","https://www.google.com/search?q=Windows+Server+Event+ID+1074+solution"
"2026-06-15 22:51:28","1074","Clean Shutdown / Restart","The process C:\WINDOWS\SystemApps\Microsoft.Windows.StartMenuExperienceHost_cw5n1h2txyewy\StartMenuExperienceHost.exe (VERONICA) has initiated the pow...","Normal planned maintenance. Check message details to see user/process initiator.","https://www.google.com/search?q=Windows+Server+Event+ID+1074+solution"
"2026-06-15 18:42:30","41","KERNEL-POWER CRITICAL REBOOT","The system has rebooted without cleanly shutting down first. This error could be caused if the system stopped responding, crashed, or lost power unexp...","SUGGESTION: Kernel rebooted without clean shutdown. If paired with Event 6008, inspect power hardware. If spontaneous, check motherboard capacitors & RAM.","https://www.google.com/search?q=Windows+Server+Event+ID+41+solution"
"2026-06-15 18:42:37","6008","UNEXPECTED POWER LOSS / HARD CRASH","The previous system shutdown at 4:25:35 PM on ‎6/‎15/‎2026 was unexpected.","SUGGESTION: Server lost power abruptly. Inspect UPS battery backup runtime, dual redundant power cords, and check for server overheating/thermal shutoff.","https://www.google.com/search?q=Windows+Server+Event+ID+6008+solution"
"2026-06-15 16:25:28","41","KERNEL-POWER CRITICAL REBOOT","The system has rebooted without cleanly shutting down first. This error could be caused if the system stopped responding, crashed, or lost power unexp...","SUGGESTION: Kernel rebooted without clean shutdown. If paired with Event 6008, inspect power hardware. If spontaneous, check motherboard capacitors & RAM.","https://www.google.com/search?q=Windows+Server+Event+ID+41+solution"
"2026-06-15 16:25:35","6008","UNEXPECTED POWER LOSS / HARD CRASH","The previous system shutdown at 2:34:41 PM on ‎6/‎15/‎2026 was unexpected.","SUGGESTION: Server lost power abruptly. Inspect UPS battery backup runtime, dual redundant power cords, and check for server overheating/thermal shutoff.","https://www.google.com/search?q=Windows+Server+Event+ID+6008+solution"
"2026-06-15 13:54:29","41","KERNEL-POWER CRITICAL REBOOT","The system has rebooted without cleanly shutting down first. This error could be caused if the system stopped responding, crashed, or lost power unexp...","SUGGESTION: Kernel rebooted without clean shutdown. If paired with Event 6008, inspect power hardware. If spontaneous, check motherboard capacitors & RAM.","https://www.google.com/search?q=Windows+Server+Event+ID+41+solution"
"2026-06-15 13:54:40","6008","UNEXPECTED POWER LOSS / HARD CRASH","The previous system shutdown at 11:38:55 PM on ‎6/‎14/‎2026 was unexpected.","SUGGESTION: Server lost power abruptly. Inspect UPS battery backup runtime, dual redundant power cords, and check for server overheating/thermal shutoff.","https://www.google.com/search?q=Windows+Server+Event+ID+6008+solution"
"2026-06-10 22:41:21","1074","Clean Shutdown / Restart","The process C:\WINDOWS\SystemApps\Microsoft.Windows.StartMenuExperienceHost_cw5n1h2txyewy\StartMenuExperienceHost.exe (VERONICA) has initiated the pow...","Normal planned maintenance. Check message details to see user/process initiator.","https://www.google.com/search?q=Windows+Server+Event+ID+1074+solution"
"2026-06-10 20:30:30","41","KERNEL-POWER CRITICAL REBOOT","The system has rebooted without cleanly shutting down first. This error could be caused if the system stopped responding, crashed, or lost power unexp...","SUGGESTION: Kernel rebooted without clean shutdown. If paired with Event 6008, inspect power hardware. If spontaneous, check motherboard capacitors & RAM.","https://www.google.com/search?q=Windows+Server+Event+ID+41+solution"
"2026-06-10 20:30:37","6008","UNEXPECTED POWER LOSS / HARD CRASH","The previous system shutdown at 10:20:35 PM on ‎6/‎9/‎2026 was unexpected.","SUGGESTION: Server lost power abruptly. Inspect UPS battery backup runtime, dual redundant power cords, and check for server overheating/thermal shutoff.","https://www.google.com/search?q=Windows+Server+Event+ID+6008+solution"
"2026-06-09 19:40:20","41","KERNEL-POWER CRITICAL REBOOT","The system has rebooted without cleanly shutting down first. This error could be caused if the system stopped responding, crashed, or lost power unexp...","SUGGESTION: Kernel rebooted without clean shutdown. If paired with Event 6008, inspect power hardware. If spontaneous, check motherboard capacitors & RAM.","https://www.google.com/search?q=Windows+Server+Event+ID+41+solution"
"2026-06-09 19:40:27","6008","UNEXPECTED POWER LOSS / HARD CRASH","The previous system shutdown at 10:08:58 PM on ‎6/‎8/‎2026 was unexpected.","SUGGESTION: Server lost power abruptly. Inspect UPS battery backup runtime, dual redundant power cords, and check for server overheating/thermal shutoff.","https://www.google.com/search?q=Windows+Server+Event+ID+6008+solution"
"2026-06-08 00:19:07","1074","Clean Shutdown / Restart","The process C:\WINDOWS\SystemApps\Microsoft.Windows.StartMenuExperienceHost_cw5n1h2txyewy\StartMenuExperienceHost.exe (VERONICA) has initiated the pow...","Normal planned maintenance. Check message details to see user/process initiator.","https://www.google.com/search?q=Windows+Server+Event+ID+1074+solution"
"2026-06-07 19:33:31","41","KERNEL-POWER CRITICAL REBOOT","The system has rebooted without cleanly shutting down first. This error could be caused if the system stopped responding, crashed, or lost power unexp...","SUGGESTION: Kernel rebooted without clean shutdown. If paired with Event 6008, inspect power hardware. If spontaneous, check motherboard capacitors & RAM.","https://www.google.com/search?q=Windows+Server+Event+ID+41+solution"
"2026-06-07 19:33:37","6008","UNEXPECTED POWER LOSS / HARD CRASH","The previous system shutdown at 11:54:23 AM on ‎6/‎7/‎2026 was unexpected.","SUGGESTION: Server lost power abruptly. Inspect UPS battery backup runtime, dual redundant power cords, and check for server overheating/thermal shutoff.","https://www.google.com/search?q=Windows+Server+Event+ID+6008+solution"
"2026-06-07 09:14:16","41","KERNEL-POWER CRITICAL REBOOT","The system has rebooted without cleanly shutting down first. This error could be caused if the system stopped responding, crashed, or lost power unexp...","SUGGESTION: Kernel rebooted without clean shutdown. If paired with Event 6008, inspect power hardware. If spontaneous, check motherboard capacitors & RAM.","https://www.google.com/search?q=Windows+Server+Event+ID+41+solution"
"2026-06-07 09:14:23","6008","UNEXPECTED POWER LOSS / HARD CRASH","The previous system shutdown at 10:12:17 PM on ‎6/‎6/‎2026 was unexpected.","SUGGESTION: Server lost power abruptly. Inspect UPS battery backup runtime, dual redundant power cords, and check for server overheating/thermal shutoff.","https://www.google.com/search?q=Windows+Server+Event+ID+6008+solution"
"2026-06-06 20:12:08","41","KERNEL-POWER CRITICAL REBOOT","The system has rebooted without cleanly shutting down first. This error could be caused if the system stopped responding, crashed, or lost power unexp...","SUGGESTION: Kernel rebooted without clean shutdown. If paired with Event 6008, inspect power hardware. If spontaneous, check motherboard capacitors & RAM.","https://www.google.com/search?q=Windows+Server+Event+ID+41+solution"
"2026-06-06 20:12:17","6008","UNEXPECTED POWER LOSS / HARD CRASH","The previous system shutdown at 10:21:53 PM on ‎6/‎5/‎2026 was unexpected.","SUGGESTION: Server lost power abruptly. Inspect UPS battery backup runtime, dual redundant power cords, and check for server overheating/thermal shutoff.","https://www.google.com/search?q=Windows+Server+Event+ID+6008+solution"
